Workbook

Sheet สรุป
A2: กำลังไฟทั้งหุ่น
A3: W ปกติ (รวม) | B3: =อุปกรณ์!G20 -> 170.9 | C3: จากชีตอุปกรณ์
A4: W สูงสุด (รวม) | B4: =อุปกรณ์!H20 -> 686.1 | C4: ทุกอย่างทำงานหนักพร้อมกัน — กรณีแย่สุด
A5: จำนวนค่าที่ยังต้องวัดจริง | B5: =COUNTIF(อุปกรณ์!J2:J18,"ต้องวัด") -> 1 | C5: ควรเป็น 0 ก่อนออกแบบแบต
A7: ไว้ใช้ตอนออกแบบแบต
A8: แรงดันแบต (V) | B8: 24 | C8: แก้ได้
A9: ประสิทธิภาพ DC-DC เฉลี่ย | B9: 0.85 | C9: step-down ทั่วไป 80–90%
A10: ความจุแบต (Ah) | B10: 20 | C10: แก้ได้
A11: ใช้ได้กี่ % ของความจุ | B11: 0.8 | C11: ไม่ควรใช้จนหมด 100%
A12: กระแสจากแบต ปกติ (A) | B12: =B3/(B8*B9) -> 8.377451
A13: กระแสจากแบต สูงสุด (A) | B13: =B4/(B8*B9) -> 33.632353 | C13: BMS ต้องจ่ายต่อเนื่องได้มากกว่านี้
A14: ใช้งานได้ประมาณ (ชั่วโมง) | B14: =B10*B8*B11*B9/B3 -> 1.9098888 | C14: คิดจาก W ปกติ
A16: พอร์ต USB ที่ต้องต่อเข้า Pi
A17: Arduino MEGA | B17: 1
A18: D500 LiDAR | B18: 1
A19: Astra Pro | B19: 1
A20: Bus Servo Adapter | B20: 2
A21: AR4 Teensy + Nano (แขนละ 2) | B21: 4
A22: รวม | B22: =SUM(B17:B21) -> 9
A23: พอร์ต USB บน Pi 5 | B23: 4
A24: ผล | B24: =IF(B22>B23,"ต้องใช้ USB hub แบบมีไฟเลี้ยง","พอร์ตพอ") -> ต้องใช้ USB hub แบบมีไฟเลี้ยง

Sheet อุปกรณ์
A1: อุปกรณ์ | B1: รับไฟจาก | C1: V | D1: mA ปกติ (ต่อตัว) | E1: mA สูงสุด (ต่อตัว) | F1: จำนวน | G1: W ปกติ (รวม) | H1: W สูงสุด (รวม) | I1: นับใน ยอดรวม | J1: ที่มาของค่า | K1: หมายเหตุ
A2: Motor ZKE2032 | B2: Keyence 24V 6.5A | C2: 24 | D2: 975 | E2: 1500 | F2: 4 | G2: =C2*D2*F2/1000 -> 93.6 | H2: =C2*E2*F2/1000 -> 144 | I2: ใช่ | J2: วัดจริง | K2: จอ Keyence วัดรวม 4 ตัวได้ 3.9A (÷4 = 975) — จดสภาพตอนวัด: ล้อบนพื้น/ยกลอย, ท่าไหน, ลูกบิดสุดไหม · สูงสุด 1.5A ตามสเปก
A3: PWM Speed control (HW-687) | B3: Keyence 24V 6.5A | C3: 24 | D3: 0 | E3: 0 | F3: 4 | G3: =C3*D3*F3/1000 -> 0 | H3: =C3*E3*F3/1000 -> 0 | I3: ไม่ | J3: - | K3: กระแสไหลผ่านไปมอเตอร์ นับในแถวมอเตอร์แล้ว
A4: LM2596 (24V → 12V) | B4: Keyence 24V 6.5A | C4: 24 | D4: =ROUND((G5+G6)/0.8/C4*1000,0) -> 175 | E4: =ROUND((H5+H6)/0.8/C4*1000,0) -> 300 | F4: 1 | G4: =C4*D4*F4/1000 -> 4.2 | H4: =C4*E4*F4/1000 -> 7.2 | I4: ใช่ | J4: ประมาณ | K4: คำนวณจากโหลด 12V สองแถวถัดไป ÷ ประสิทธิภาพ 80% (สูตร ไม่ต้องกรอก)
A5: Encoder YT3806 | B5: LM2596 → 12V | C5: 12 | D5: 50 | E5: 80 | F5: 4 | G5: =C5*D5*F5/1000 -> 2.4 | H5: =C5*E5*F5/1000 -> 3.84 | I5: ไม่ | J5: สเปก | K5: ฉลาก DC 8–24V · ≤80mA ตามรุ่นใกล้เคียง · นับรวมในแถว LM2596 แล้ว
A6: บอร์ดออปโต้ DST-1R4P (12V→5V) | B6: LM2596 → 12V | C6: 12 | D6: 40 | E6: 80 | F6: 2 | G6: =C6*D6*F6/1000 -> 0.96 | H6: =C6*E6*F6/1000 -> 1.92 | I6: ไม่ | J6: ประมาณ | K6: LED ฝั่งอินพุต ~5–10mA ต่อช่อง × 4 ช่อง · นับรวมในแถว LM2596 แล้ว
A7: AR4 | B7: อะแดปเตอร์ AR4 24V | C7: 24 | D7: 1000 | E7: 10000 | F7: 2 | G7: =C7*D7*F7/1000 -> 48 | H7: =C7*E7*F7/1000 -> 480 | I7: ใช่ | J7: ต้องวัด | K7: 1000 เป็นค่าเดา — วัดตอนเปิดแขนนิ่งๆ และตอนขยับ · สูงสุด = พิกัดอะแดปเตอร์ 10A
A8: AR4 บอร์ด Teensy 4.1 + Nano (USB) | B8: USB hub (มีไฟเลี้ยง) | C8: 5 | D8: 150 | E8: 200 | F8: 2 | G8: =C8*D8*F8/1000 -> 1.5 | H8: =C8*E8*F8/1000 -> 2 | I8: ใช่ | J8: ประมาณ | K8: แขนละ 2 สาย USB
A9: Raspberry Pi 5 (ตัวเปล่า) | B9: แหล่งจ่าย Pi 5.1V | C9: 5.1 | D9: 1000 | E9: 2000 | F9: 1 | G9: =C9*D9*F9/1000 -> 5.1 | H9: =C9*E9*F9/1000 -> 10.2 | I9: ใช่ | J9: ประมาณ | K9: แหล่งจ่ายต้องเป็น 5.1V 5A (USB-C)
A10: Hailo AI HAT | B10: แหล่งจ่าย Pi 5.1V | C10: 5.1 | D10: 300 | E10: 500 | F10: 1 | G10: 0 | H10: 0 | I10: ใช่ | J10: ประมาณ | K10: ถ้าไม่ได้ติดบน Pi ให้แก้จำนวนเป็น 0
A11: Arduino MEGA 2560 | B11: USB hub (มีไฟเลี้ยง) | C11: 5 | D11: 80 | E11: 100 | F11: 1 | G11: =C11*D11*F11/1000 -> 0.4 | H11: =C11*E11*F11/1000 -> 0.5 | I11: ใช่ | J11: ประมาณ | K11: ไม่รวม relay (ย้าย relay ไปแหล่งจ่าย 5V แยก)
A12: Flysky FS-SR8 | B12: USB hub (มีไฟเลี้ยง) | C12: 5 | D12: 50 | E12: 50 | F12: 1 | G12: =C12*D12*F12/1000 -> 0.25 | H12: =C12*E12*F12/1000 -> 0.25 | I12: ใช่ | J12: ประมาณ | K12: รับไฟจากขา 5V ของ Mega ซึ่งมาจาก USB
A13: D500 LiDAR Kit (STL-19P) | B13: USB hub (มีไฟเลี้ยง) | C13: 5 | D13: 290 | E13: 290 | F13: 1 | G13: =C13*D13*F13/1000 -> 1.45 | H13: =C13*E13*F13/1000 -> 1.45 | I13: ใช่ | J13: สเปก | K13: Waveshare wiki: 1.45W
A14: Astra Pro Depth Camera | B14: USB hub (มีไฟเลี้ยง) | C14: 5 | D14: 500 | E14: 500 | F14: 1 | G14: =C14*D14*F14/1000 -> 2.5 | H14: =C14*E14*F14/1000 -> 2.5 | I14: ใช่ | J14: สเปก | K14: Orbbec: ไม่เกิน 2.4–2.5W
A15: Bus Servo Adapter (A) V1.1 + AmazingHand | B15: แหล่งจ่ายมือ 6V | C15: 6 | D15: 1000 | E15: 3000 | F15: 2 | G15: =C15*D15*F15/1000 -> 12 | H15: =C15*E15*F15/1000 -> 36 | I15: ใช่ | J15: ประมาณ | K15: มือละชุด · เซอร์โว SCS0009 × 8 · ห้ามป้อนเกิน 7.4V · เซอร์โวต้องอ่าน ≥4.8V ก่อนสั่งขยับ
A16: Relay 16 channel | B16: แหล่งจ่าย 5V (relay) | C16: 5 | D16: 280 | E16: 300 | F16: 1 | G16: =C16*D16*F16/1000 -> 1.4 | H16: =C16*E16*F16/1000 -> 1.5 | I16: ใช่ | J16: ประมาณ | K16: ~70mA ต่อช่องที่ติด · ตอนวิ่งติดพร้อมกัน 4 ช่อง (ล้อละ 1)
A17: USB hub (ตัว hub เอง) | B17: USB hub (มีไฟเลี้ยง) | C17: 5 | D17: 100 | E17: 100 | F17: 1 | G17: =C17*D17*F17/1000 -> 0.5 | H17: =C17*E17*F17/1000 -> 0.5 | I17: ใช่ | J17: ประมาณ | K17: ยังไม่ได้ซื้อ — ต้องเป็นแบบมีอะแดปเตอร์ไฟของตัวเอง
A18: ฟิวส์ + สวิตช์ / E-Stop | B18: - | C18: 0 | D18: 0 | E18: 0 | F18: 1 | G18: =C18*D18*F18/1000 -> 0 | H18: =C18*E18*F18/1000 -> 0 | I18: ไม่ | J18: - | K18: ไม่กินไฟ ใส่ไว้ให้รายการครบ
A20: รวม (เฉพาะแถวที่ นับในยอดรวม = ใช่) | G20: =SUMIFS(G2:G18,I2:I18,"ใช่") -> 170.9 | H20: =SUMIFS(H2:H18,I2:I18,"ใช่") -> 686.1
A22: วิธีใช้: แก้เฉพาะช่องสีเหลือง (V, mA, จำนวน) — ช่อง W คำนวณเอง · แถวที่กินไฟผ่านอุปกรณ์อื่นแล้ว (เช่น encoder ผ่าน LM2596) ตั้ง นับในยอดรวม = ไม่ จะได้ไม่นับซ้ำ

Sheet แหล่งจ่าย
A1: แหล่งจ่าย | B1: V | C1: จ่ายได้ A ต่อตัว | D1: จำนวน | E1: จ่ายได้รวม W | F1: โหลดปกติ W | G1: โหลดสูงสุด W | H1: ใช้ไป % (สูงสุด) | I1: สถานะ | J1: หมายเหตุ
A2: Keyence 24V 6.5A | B2: 24 | C2: 6.5 | D2: 1 | E2: =B2*C2*D2 -> 156 | F2: =SUMIFS(อุปกรณ์!$G$2:$G$18,อุปกรณ์!$B$2:$B$18,A2) -> 97.8 | G2: =SUMIFS(อุปกรณ์!$H$2:$H$18,อุปกรณ์!$B$2:$B$18,A2) -> 151.2 | H2: =IF(E2=0,"",G2/E2) -> 0.96923077 | I2: =IF(E2=0,"ยังไม่มีข้อมูล",IF(G2/E2>1,"ไม่พอ",IF(G2/E2>=0.8,"ตึง","พอ"))) -> ตึง | J2: จ่ายมอเตอร์ + LM2596 · จอแสดงกระแสขาออก
A3: อะแดปเตอร์ AR4 24V | B3: 24 | C3: 10 | D3: 2 | E3: =B3*C3*D3 -> 480 | F3: =SUMIFS(อุปกรณ์!$G$2:$G$18,อุปกรณ์!$B$2:$B$18,A3) -> 48 | G3: =SUMIFS(อุปกรณ์!$H$2:$H$18,อุปกรณ์!$B$2:$B$18,A3) -> 480 | H3: =IF(E3=0,"",G3/E3) -> 1 | I3: =IF(E3=0,"ยังไม่มีข้อมูล",IF(G3/E3>1,"ไม่พอ",IF(G3/E3>=0.8,"ตึง","พอ"))) -> ตึง | J3: แขนละตัว
A4: LM2596 → 12V | B4: 12 | C4: 2 | D4: 1 | E4: =B4*C4*D4 -> 24 | F4: =SUMIFS(อุปกรณ์!$G$2:$G$18,อุปกรณ์!$B$2:$B$18,A4) -> 3.36 | G4: =SUMIFS(อุปกรณ์!$H$2:$H$18,อุปกรณ์!$B$2:$B$18,A4) -> 5.76 | H4: =IF(E4=0,"",G4/E4) -> 0.24 | I4: =IF(E4=0,"ยังไม่มีข้อมูล",IF(G4/E4>1,"ไม่พอ",IF(G4/E4>=0.8,"ตึง","พอ"))) -> พอ | J4: พิกัด 3A แต่ไม่มีฮีตซิงก์ใช้ต่อเนื่องได้ ~2A
A5: แหล่งจ่าย Pi 5.1V | B5: 5.1 | C5: 5 | D5: 1 | E5: =B5*C5*D5 -> 25.5 | F5: =SUMIFS(อุปกรณ์!$G$2:$G$18,อุปกรณ์!$B$2:$B$18,A5) -> 5.1 | G5: =SUMIFS(อุปกรณ์!$H$2:$H$18,อุปกรณ์!$B$2:$B$18,A5) -> 10.2 | H5: =IF(E5=0,"",G5/E5) -> 0.4 | I5: =IF(E5=0,"ยังไม่มีข้อมูล",IF(G5/E5>1,"ไม่พอ",IF(G5/E5>=0.8,"ตึง","พอ"))) -> พอ | J5: อะแดปเตอร์ USB-C 27W
A6: USB hub (มีไฟเลี้ยง) | B6: 5 | D6: 1 | E6: =B6*C6*D6 -> 0 | F6: =SUMIFS(อุปกรณ์!$G$2:$G$18,อุปกรณ์!$B$2:$B$18,A6) -> 6.6 | G6: =SUMIFS(อุปกรณ์!$H$2:$H$18,อุปกรณ์!$B$2:$B$18,A6) -> 7.2 | H6: =IF(E6=0,"",G6/E6) | I6: =IF(E6=0,"ยังไม่มีข้อมูล",IF(G6/E6>1,"ไม่พอ",IF(G6/E6>=0.8,"ตึง","พอ"))) -> ยังไม่มีข้อมูล | J6: ยังไม่ได้ซื้อ — ใส่ A ตามอะแดปเตอร์ของ hub
A7: แหล่งจ่าย 5V (relay) | B7: 5 | D7: 1 | E7: =B7*C7*D7 -> 0 | F7: =SUMIFS(อุปกรณ์!$G$2:$G$18,อุปกรณ์!$B$2:$B$18,A7) -> 1.4 | G7: =SUMIFS(อุปกรณ์!$H$2:$H$18,อุปกรณ์!$B$2:$B$18,A7) -> 1.5 | H7: =IF(E7=0,"",G7/E7) | I7: =IF(E7=0,"ยังไม่มีข้อมูล",IF(G7/E7>1,"ไม่พอ",IF(G7/E7>=0.8,"ตึง","พอ"))) -> ยังไม่มีข้อมูล | J7: ใส่ A ตามฉลากแหล่งจ่าย 5V ที่มีอยู่
A8: แหล่งจ่ายมือ 6V | B8: 6 | C8: 3 | D8: 2 | E8: =B8*C8*D8 -> 36 | F8: =SUMIFS(อุปกรณ์!$G$2:$G$18,อุปกรณ์!$B$2:$B$18,A8) -> 12 | G8: =SUMIFS(อุปกรณ์!$H$2:$H$18,อุปกรณ์!$B$2:$B$18,A8) -> 36 | H8: =IF(E8=0,"",G8/E8) -> 1 | I8: =IF(E8=0,"ยังไม่มีข้อมูล",IF(G8/E8>1,"ไม่พอ",IF(G8/E8>=0.8,"ตึง","พอ"))) -> ตึง | J8: มือละตัว · ตอนใช้แบตเปลี่ยนเป็น step-down ≥5A (XL4015/XL4016)
A10: สถานะ: พอ = ใช้ไม่ถึง 80% · ตึง = 80–100% · ไม่พอ = เกิน 100% (ดูจากโหลดสูงสุด) · ชื่อในคอลัมน์ A ต้องตรงกับคอลัมน์ รับไฟจาก ในชีตอุปกรณ์
